Country/Region,Province/State,1/23/20,1/24/20,1/25/20,1/26/20,1/27/20,1/28/20,1/29/20,1/30/20,1/31/20,2/1/20,2/2/20,2/3/20,2/4/20,2/5/20,2/6/20,2/7/20,2/8/20,2/9/20,2/10/20,2/11/20,2/12/20,2/13/20,2/14/20,2/15/20,2/16/20,2/17/20,2/18/20,2/19/20,2/20/20,2/21/20,2/22/20,2/23/20,2/24/20,2/25/20,2/26/20,2/27/20,2/28/20,2/29/20,3/1/20,3/2/20,3/3/20,3/4/20,3/5/20,3/6/20,3/7/20,3/8/20,3/9/20,3/10/20,3/11/20,3/12/20,3/13/20,3/14/20,3/15/20,3/16/20,3/17/20,3/18/20,3/19/20,3/20/20,3/21/20,3/22/20,3/23/20,3/24/20,3/25/20,3/26/20,3/27/20,3/28/20,3/29/20,3/30/20,3/31/20,4/1/20,4/2/20,4/3/20,4/4/20,4/5/20,4/6/20,4/7/20,4/8/20,4/9/20,4/10/20,4/11/20,4/12/20,4/13/20,4/14/20,4/15/20,4/16/20,4/17/20,4/18/20,4/19/20,4/20/20,4/21/20,4/22/20,4/23/20,4/24/20,4/25/20,4/26/20,4/27/20,4/28/20,4/29/20,4/30/20,5/1/20,5/2/20,5/3/20,5/4/20,5/5/20,5/6/20,5/7/20,5/8/20,5/9/20,5/10/20,5/11/20,5/12/20,5/13/20,5/14/20,5/15/20,5/16/20,5/17/20,5/18/20,5/19/20,5/20/20,5/21/20,5/22/20,5/23/20,5/24/20,5/25/20,5/26/20,5/27/20,5/28/20,5/29/20,5/30/20,5/31/20,6/1/20,6/2/20,6/3/20,6/4/20,6/5/20,6/6/20,6/7/20,6/8/20,6/9/20,6/10/20,6/11/20,6/12/20,6/13/20,6/14/20,6/15/20,6/16/20,6/17/20,6/18/20,6/19/20,6/20/20,6/21/20,6/22/20,6/23/20,6/24/20,6/25/20,6/26/20,6/27/20,6/28/20,6/29/20,6/30/20,7/1/20,7/2/20,7/3/20,7/4/20,7/5/20,7/6/20,7/7/20,7/8/20,7/9/20,7/10/20,7/11/20,7/12/20,7/13/20,7/14/20,7/15/20,7/16/20,7/17/20,7/18/20,7/19/20,7/20/20,7/21/20,7/22/20,7/23/20,7/24/20,7/25/20,7/26/20,7/27/20,7/28/20,7/29/20,7/30/20,7/31/20,8/1/20,8/2/20,8/3/20,8/4/20,8/5/20,8/6/20,8/7/20,8/8/20,8/9/20,8/10/20,8/11/20,8/12/20,8/13/20,8/14/20,8/15/20,8/16/20,8/17/20,8/18/20,8/19/20,8/20/20,8/21/20,8/22/20,8/23/20,8/24/20,8/25/20,8/26/20,8/27/20,8/28/20,8/29/20,8/30/20,8/31/20,9/1/20,9/2/20,9/3/20,9/4/20,9/5/20,9/6/20,9/7/20,9/8/20,9/9/20,9/10/20,9/11/20,9/12/20,9/13/20,9/14/20,9/15/20,9/16/20,9/17/20,9/18/20,9/19/20,9/20/20,9/21/20,9/22/20,9/23/20,9/24/20,9/25/20,9/26/20,9/27/20,9/28/20,9/29/20,9/30/20,10/1/20,10/2/20,10/3/20,10/4/20,10/5/20,10/6/20,10/7/20,10/8/20,10/9/20,10/10/20,10/11/20,10/12/20,10/13/20,10/14/20,10/15/20,10/16/20,10/17/20,10/18/20,10/19/20,10/20/20,10/21/20,10/22/20,10/23/20,10/24/20,10/25/20,10/26/20,10/27/20,10/28/20,10/29/20,10/30/20,10/31/20,11/1/20,11/2/20,11/3/20,11/4/20,11/5/20,11/6/20,11/7/20,11/8/20,11/9/20,11/10/20,11/11/20,11/12/20,11/13/20,11/14/20,11/15/20,11/16/20,11/17/20,11/18/20,11/19/20,11/20/20,11/21/20,11/22/20,11/23/20,11/24/20,11/25/20,11/26/20,11/27/20,11/28/20,11/29/20,11/30/20,12/1/20,12/2/20,12/3/20,12/4/20,12/5/20,12/6/20,12/7/20,12/8/20,12/9/20,12/10/20,12/11/20,12/12/20,12/13/20,12/14/20,12/15/20,12/16/20,12/17/20,12/18/20,12/19/20,12/20/20,12/21/20,12/22/20,12/23/20,12/24/20,12/25/20,12/26/20,12/27/20,12/28/20,12/29/20,12/30/20,12/31/20,1/1/21,1/2/21,1/3/21,1/4/21,1/5/21,1/6/21,1/7/21,1/8/21,1/9/21,1/10/21,1/11/21,1/12/21,1/13/21,1/14/21,1/15/21,1/16/21,1/17/21,1/18/21,1/19/21,1/20/21,1/21/21,1/22/21,1/23/21,1/24/21,1/25/21,1/26/21,1/27/21,1/28/21,1/29/21,1/30/21,1/31/21,2/1/21,2/2/21,2/3/21,2/4/21,2/5/21,2/6/21,2/7/21,2/8/21,2/9/21,2/10/21,2/11/21,2/12/21,2/13/21,2/14/21,2/15/21,2/16/21,2/17/21,2/18/21,2/19/21,2/20/21,2/21/21,2/22/21,2/23/21,2/24/21,2/25/21,2/26/21,2/27/21,2/28/21,3/1/21,3/2/21,3/3/21,3/4/21,3/5/21,3/6/21,3/7/21,3/8/21,3/9/21,3/10/21,3/11/21,3/12/21,3/13/21,3/14/21,3/15/21,3/16/21,3/17/21,3/18/21,3/19/21,3/20/21,3/21/21,3/22/21,3/23/21,3/24/21,3/25/21,3/26/21,3/27/21,3/28/21,3/29/21,3/30/21,3/31/21,4/1/21,4/2/21,4/3/21,4/4/21,4/5/21,4/6/21,4/7/21,4/8/21,4/9/21,4/10/21,4/11/21,4/12/21,4/13/21,4/14/21,4/15/21,4/16/21,4/17/21,4/18/21,4/19/21,4/20/21,4/21/21,4/22/21,4/23/21,4/24/21,4/25/21,4/26/21,4/27/21,4/28/21,4/29/21,4/30/21,5/1/21,5/2/21,5/3/21,5/4/21,5/5/21,5/6/21,5/7/21,5/8/21,5/9/21,5/10/21,5/11/21,5/12/21,5/13/21,5/14/21,5/15/21,5/16/21,5/17/21,5/18/21,5/19/21,5/20/21,5/21/21,5/22/21,5/23/21,5/24/21,5/25/21,5/26/21,5/27/21,5/28/21,5/29/21,5/30/21,5/31/21,6/1/21,6/2/21,6/3/21,6/4/21,6/5/21,6/6/21,6/7/21,6/8/21,6/9/21,6/10/21,6/11/21,6/12/21,6/13/21,6/14/21,6/15/21,6/16/21,6/17/21,6/18/21,6/19/21,6/20/21,6/21/21,6/22/21,6/23/21,6/24/21,6/25/21,6/26/21,6/27/21,6/28/21,6/29/21,6/30/21,7/1/21,7/2/21,7/3/21,7/4/21,7/5/21,7/6/21,7/7/21,7/8/21,7/9/21,7/10/21,7/11/21,7/12/21,7/13/21,7/14/21,7/15/21,7/16/21,7/17/21,7/18/21,7/19/21,7/20/21,7/21/21,7/22/21,7/23/21,7/24/21,7/25/21,7/26/21,7/27/21,7/28/21,7/29/21,7/30/21,7/31/21,8/1/21,8/2/21,8/3/21,8/4/21,8/5/21,8/6/21,8/7/21,8/8/21,8/9/21,8/10/21,8/11/21,8/12/21,8/13/21,8/14/21,8/15/21,8/16/21,8/17/21,8/18/21,8/19/21,8/20/21,8/21/21,8/22/21,8/23/21,8/24/21,8/25/21,8/26/21,8/27/21,8/28/21,8/29/21,8/30/21,8/31/21,9/1/21,9/2/21,9/3/21,9/4/21,9/5/21,9/6/21,9/7/21,9/8/21,9/9/21,9/10/21,9/11/21,9/12/21,9/13/21,9/14/21,9/15/21,9/16/21,9/17/21,9/18/21,9/19/21,9/20/21,9/21/21,9/22/21,9/23/21,9/24/21,9/25/21,9/26/21,9/27/21,9/28/21,9/29/21,9/30/21,10/1/21,10/2/21,10/3/21,10/4/21,10/5/21,10/6/21,10/7/21,10/8/21,10/9/21,10/10/21,10/11/21
New Zealand,Cook Islands,0,0,0,0,0,0,0,0,0,0,0,0,0,0,0,0,0,0,0,0,0,0,0,0,0,0,0,0,0,0,0,0,0,0,0,0,0,0,0,0,0,0,0,0,0,0,0,0,0,0,0,0,0,0,0,0,0,0,0,0,0,0,0,0,0,0,0,0,0,0,0,0,0,0,0,0,0,0,0,0,0,0,0,0,0,0,0,0,0,0,0,0,0,0,0,0,0,0,0,0,0,0,0,0,0,0,0,0,0,0,0,0,0,0,0,0,0,0,0,0,0,0,0,0,0,0,0,0,0,0,0,0,0,0,0,0,0,0,0,0,0,0,0,0,0,0,0,0,0,0,0,0,0,0,0,0,0,0,0,0,0,0,0,0,0,0,0,0,0,0,0,0,0,0,0,0,0,0,0,0,0,0,0,0,0,0,0,0,0,0,0,0,0,0,0,0,0,0,0,0,0,0,0,0,0,0,0,0,0,0,0,0,0,0,0,0,0,0,0,0,0,0,0,0,0,0,0,0,0,0,0,0,0,0,0,0,0,0,0,0,0,0,0,0,0,0,0,0,0,0,0,0,0,0,0,0,0,0,0,0,0,0,0,0,0,0,0,0,0,0,0,0,0,0,0,0,0,0,0,0,0,0,0,0,0,0,0,0,0,0,0,0,0,0,0,0,0,0,0,0,0,0,0,0,0,0,0,0,0,0,0,0,0,0,0,0,0,0,0,0,0,0,0,0,0,0,0,0,0,0,0,0,0,0,0,0,0,0,0,0,0,0,0,0,0,0,0,0,0,0,0,0,0,0,0,0,0,0,0,0,0,0,0,0,0,0,0,0,0,0,0,0,0,0,0,0,0,0,0,0,0,0,0,0,0,0,0,0,0,0,0,0,0,0,0,0,0,0,0,0,0,0,0,0,0,0,0,0,0,0,0,0,0,0,0,0,0,0,0,0,0,0,0,0,0,0,0,0,0,0,0,0,0,0,0,0,0,0,0,0,0,0,0,0,0,0,0,0,0,0,0,0,0,0,0,0,0,0,0,0,0,0,0,0,0,0,0,0,0,0,0,0,0,0,0,0,0,0,0,0,0,0,0,0,1,0,0,0,0,0,0,0,0,0,0,0,0,0,0,0,0,0,0,0,0,0,0,0,0,0,0,0,0,0,0,0,0,0,0,0,0,0,0,0,0,0,0,0,0,0,0,0,0,0,0,0,0,0,0,0,0,0,0,0,0,0,0,0,0,0,0,0,0,0,0,0,0,0,0,0,0,0,0,0,0,0,0,0,0,0,0,0,0,0,0,0,0,0,0,0,0,0,0,0,0,0,0,0,0,0,0,0,0,0,0,0,0,0,0,0,0,0,0,0,0,0,0,0,0,0,0,0,0,0,0,0,0,0,0,0,0,0,0,0,0,0,0,0
New Zealand,,0,0,0,0,0,0,0,0,0,0,0,0,0,0,0,0,0,0,0,0,0,0,0,0,0,0,0,0,0,0,0,0,0,0,0,0,1,0,0,0,0,2,0,1,1,0,0,0,0,0,0,1,2,0,4,8,8,11,13,50,0,53,50,78,85,83,63,75,58,61,89,71,82,89,67,54,50,29,44,29,18,19,17,20,15,8,13,9,9,5,6,5,5,9,-1,3,2,2,3,6,2,0,-1,2,1,1,2,2,3,0,0,0,1,0,1,0,0,4,0,1,0,0,0,0,0,0,0,0,0,0,0,0,0,0,0,0,0,0,0,0,0,0,0,0,2,0,1,0,2,2,2,2,1,3,1,2,4,2,0,0,2,0,0,3,1,2,1,3,2,1,1,0,1,2,1,1,1,3,1,1,0,0,1,0,0,0,1,2,1,0,2,3,2,0,2,0,0,0,0,0,1,0,19,13,7,13,9,12,6,5,11,6,3,9,7,5,7,12,13,2,9,14,5,2,5,3,5,4,6,6,4,1,2,2,1,3,1,7,0,2,4,0,0,9,3,2,2,2,0,2,1,12,0,1,5,1,3,3,3,2,4,1,0,1,2,2,4,3,3,0,1,25,2,9,11,1,5,1,2,6,1,7,2,4,5,3,2,1,2,6,4,1,1,3,4,3,3,0,4,3,2,3,6,9,2,1,8,1,7,3,0,6,3,1,9,0,9,0,1,6,3,0,4,0,4,0,0,4,0,10,0,6,5,0,7,0,0,0,16,0,7,0,11,0,0,19,0,5,0,2,0,0,31,3,0,6,0,18,0,10,6,0,5,0,9,0,7,5,2,5,4,6,-2,1,0,3,1,5,2,0,5,0,2,2,0,2,2,2,6,1,3,4,4,2,0,7,6,2,3,3,1,4,2,4,2,5,0,9,1,6,4,1,6,1,5,1,7,2,2,0,10,0,9,9,0,8,6,3,2,1,11,2,2,4,0,0,0,6,17,7,24,6,10,3,9,4,2,2,0,0,4,1,1,2,1,0,0,1,0,8,0,4,0,0,5,4,1,6,4,1,0,8,2,0,-1,1,1,0,1,5,2,5,1,3,0,6,0,1,0,1,0,0,2,1,0,6,2,1,0,0,0,10,4,1,5,0,6,1,0,2,2,1,0,4,2,0,3,0,2,4,0,9,3,1,0,0,0,9,7,0,5,1,1,0,2,1,18,4,4,9,0,11,3,5,6,7,20,0,7,1,0,1,3,3,0,3,4,0,2,1,0,0,6,4,12,2,9,1,0,5,7,0,10,0,32,24,24,38,42,63,68,70,83,84,55,0,50,76,84,19,20,24,21,16,18,19,24,23,36,17,15,18,15,24,22,22,13,24,16,9,18,21,11,10,44,25,18,28,33,30,26,42,30,47,36,61,35,45
Australia,Australian Capital Territory,0,0,0,0,0,0,0,0,0,0,0,0,0,0,0,0,0,0,0,0,0,0,0,0,0,0,0,0,0,0,0,0,0,0,0,0,0,0,0,0,0,0,0,0,0,0,0,0,0,0,1,0,0,1,0,1,1,2,3,10,13,7,0,14,9,9,6,1,2,4,3,4,2,3,0,0,3,1,3,0,0,-1,1,0,0,0,0,0,1,0,0,0,1,1,0,0,0,0,0,0,0,0,1,0,0,0,0,0,0,0,0,0,0,0,0,0,0,0,0,0,0,0,0,0,0,0,0,0,0,0,0,0,0,0,0,1,0,0,0,0,0,0,0,0,0,0,0,0,0,0,0,0,0,0,0,0,0,0,0,0,0,0,0,0,0,0,3,1,1,0,0,0,0,0,0,0,0,0,0,0,0,0,0,0,0,0,0,0,0,0,0,0,0,0,0,0,0,0,0,0,0,0,0,0,0,0,0,0,0,0,0,0,0,0,0,0,0,0,0,0,0,0,0,0,0,0,0,0,0,0,0,0,0,0,0,0,0,0,0,0,0,0,0,0,0,0,0,0,0,0,0,0,0,0,0,0,0,0,0,0,0,0,0,0,0,0,0,0,0,0,0,0,1,0,0,0,0,0,0,0,0,0,0,0,0,0,0,0,0,0,0,0,0,0,0,0,0,0,0,1,0,0,0,0,0,0,0,0,1,1,0,0,0,0,0,0,0,0,0,0,0,0,0,0,0,0,0,0,0,0,0,0,1,0,0,0,0,0,0,0,0,0,0,0,0,0,0,0,0,0,0,0,0,0,0,0,0,0,0,0,0,0,0,0,0,0,0,0,0,0,0,0,0,0,0,0,0,0,0,0,0,0,0,0,0,0,0,0,0,0,0,0,0,0,0,0,0,0,0,0,0,0,0,0,2,0,0,0,2,0,0,1,0,0,0,0,0,0,0,0,0,0,0,0,0,0,0,0,0,0,0,0,0,0,0,0,0,0,0,0,0,0,0,0,0,0,0,0,0,0,0,0,0,0,0,0,0,0,0,0,0,0,1,0,0,0,0,0,0,0,0,0,0,0,0,0,0,0,0,0,0,0,0,0,0,0,0,0,0,0,0,0,0,0,0,0,0,0,0,0,0,0,0,0,0,0,0,0,0,0,0,0,0,0,0,0,0,0,0,0,0,0,0,0,0,0,0,0,0,0,0,0,0,0,0,0,0,0,0,0,0,0,0,0,0,0,0,0,0,0,0,0,0,0,0,0,0,0,0,0,0,0,0,0,0,0,0,5,2,2,19,17,22,16,12,7,19,16,30,9,14,21,26,13,12,12,23,12,18,32,15,11,19,20,15,24,15,15,13,22,13,15,30,15,17,7,16,17,16,19,32,25,19,13,22,31,52,52,38,28,33,28,41,40,25,30,32,28
Australia,New South Wales,0,0,0,3,1,0,0,0,0,0,0,0,0,0,0,0,0,0,0,0,0,0,0,0,0,0,0,0,0,0,0,0,0,0,0,0,0,0,2,0,7,9,0,4,2,10,10,7,10,0,27,20,22,37,39,57,40,46,83,233,0,149,211,190,186,212,174,241,0,150,116,91,104,87,57,49,48,39,49,35,0,6,7,16,11,29,10,21,6,6,2,5,6,12,8,2,12,0,9,5,5,-2,2,7,2,3,4,2,0,0,6,4,8,3,1,1,2,3,1,2,2,1,3,2,-3,1,2,0,3,3,6,0,2,4,0,-1,3,2,3,0,-2,4,9,3,3,1,2,6,1,5,2,-1,9,3,6,6,3,7,5,14,8,0,194,14,10,4,7,13,14,7,4,14,13,12,10,8,15,18,20,11,15,19,7,14,14,17,14,19,18,20,17,11,13,12,11,12,10,9,10,14,22,18,12,9,9,5,7,2,7,5,1,9,4,3,3,6,9,13,14,7,10,13,16,12,8,5,10,4,8,9,7,10,5,9,4,7,8,5,6,2,2,4,2,6,1,4,1,0,0,2,4,3,4,1,2,1,11,3,12,10,2,5,6,11,15,11,5,7,5,4,5,10,6,7,5,7,4,12,8,5,6,4,4,7,3,8,2,9,5,3,7,0,0,0,0,0,17,12,4,7,5,3,10,11,4,6,4,0,4,8,4,9,5,6,9,6,2,5,4,6,2,2,9,6,3,3,5,7,9,16,30,36,23,18,16,18,9,15,11,14,9,25,17,5,19,11,7,8,5,6,11,6,6,11,16,7,2,2,12,9,8,2,3,5,-1,1,3,3,1,2,3,3,2,3,6,2,2,3,0,2,1,3,2,4,3,2,2,2,0,1,4,0,2,1,3,1,4,1,7,4,6,5,3,3,6,4,12,2,2,1,5,5,6,8,0,3,3,2,7,2,5,3,2,5,4,3,4,1,3,0,2,5,3,5,0,3,1,3,7,6,2,2,4,6,9,5,3,9,7,7,6,8,3,8,7,16,1,1,8,12,9,15,13,4,3,5,7,10,10,5,6,6,5,4,4,5,1,3,3,2,3,2,2,0,1,2,2,2,2,0,3,1,5,2,0,1,2,0,0,5,5,5,2,3,1,1,1,6,4,3,3,2,6,5,7,6,11,18,11,30,31,22,20,28,28,32,40,16,37,18,28,39,45,52,82,116,93,99,67,98,117,109,100,79,112,124,135,159,141,151,175,176,237,172,212,238,207,202,233,268,291,308,255,284,357,344,343,384,463,411,475,438,627,674,636,820,822,805,745,921,1005,875,1026,1213,1272,1169,1085,1279,1417,1516,1469,1272,1203,1457,1384,1508,1603,1217,1238,1108,1225,1334,1270,1308,1067,936,976,1021,1043,1026,995,948,778,852,859,933,859,802,654,611,597,580,568,645,577,466,493,347
Australia,Northern Territory,0,0,0,0,0,0,0,0,0,0,0,0,0,0,0,0,0,0,0,0,0,0,0,0,0,0,0,0,0,0,0,0,0,0,0,0,0,0,0,0,0,1,0,-1,0,0,0,1,0,0,0,0,0,0,0,0,0,2,0,2,0,1,0,6,0,3,0,0,2,2,2,1,4,1,1,0,0,0,0,0,0,0,0,0,0,0,0,0,0,0,0,0,0,0,0,0,0,0,0,-1,2,0,0,0,0,0,0,0,0,0,0,0,0,0,0,0,0,0,0,0,0,0,0,0,0,0,0,0,0,0,0,0,0,0,0,0,0,0,0,0,0,0,0,0,0,0,0,0,0,0,0,0,0,0,0,0,0,0,0,0,1,0,0,0,0,0,0,0,1,0,0,0,0,0,0,0,0,0,0,0,0,0,0,0,0,0,0,0,0,0,2,0,0,0,0,0,0,0,0,0,0,0,0,0,0,0,0,0,0,0,0,0,0,0,0,0,0,0,0,0,0,0,0,0,0,0,0,0,0,0,0,0,0,0,0,0,0,0,0,0,0,0,0,0,0,0,0,0,0,0,0,0,0,0,0,0,0,0,0,0,0,0,0,0,0,0,0,0,0,0,0,0,0,0,0,0,0,0,0,4,0,1,0,0,0,0,1,0,0,0,0,1,1,1,0,4,0,0,0,0,0,0,0,0,0,1,1,1,3,0,0,0,1,0,6,0,0,0,0,2,0,0,1,0,0,1,3,0,2,0,1,2,0,0,0,2,0,0,0,0,1,0,0,1,0,6,0,0,6,0,1,2,0,0,0,1,2,0,0,0,0,0,2,1,1,1,0,0,0,0,0,0,0,0,0,0,0,1,0,2,1,0,0,0,0,0,0,1,0,0,0,0,0,1,0,0,0,0,0,0,1,0,0,0,0,0,0,0,0,0,0,0,0,0,0,0,0,0,1,0,0,0,0,0,0,0,0,0,0,1,1,0,0,0,1,2,1,0,0,0,0,0,0,0,0,0,0,1,0,0,6,0,10,3,4,13,10,1,4,0,1,0,1,0,0,0,0,0,1,0,0,0,0,0,0,0,0,2,0,0,0,1,0,0,0,1,0,0,0,1,0,1,0,0,0,0,0,0,0,0,0,1,0,0,0,0,1,0,0,0,0,0,1,0,0,0,1,0,0,1,3,0,3,0,1,0,0,0,0,0,0,0,1,2,0,0,1,0,0,1,1,0,0,0,0,0,0,0,1,0,0,0,5,0,0,2,1,0,-2,0,0,1,0,0,0,0,0,0,0,0,1,0,0,0,0,0,0,0,0,0,0,1,0,1,-1,1,0,0,0,0,0,0,1,0,0,0,0,0,0,0,0,1,0,0,0,2,0,0,2,0,0,0,1,0,1,1,0,1,0,0,0,0,0,1,1,0,1,0
Australia,Queensland,0,0,0,0,0,0,1,2,-1,1,-1,0,1,0,1,1,0,0,0,0,0,0,0,0,0,0,0,0,0,0,0,0,0,0,0,0,0,4,0,0,2,0,2,0,0,2,0,3,2,0,15,11,15,7,10,16,50,40,37,38,60,78,46,50,62,70,31,33,54,38,54,38,27,7,14,13,9,10,12,9,9,4,11,1,2,6,8,4,0,5,0,2,0,0,4,3,1,-1,0,1,1,3,5,0,2,0,0,0,0,6,1,-1,3,1,0,2,0,1,0,0,2,1,-5,1,1,0,0,0,0,0,1,0,1,0,1,0,1,0,0,1,1,1,0,0,0,1,0,0,0,0,0,0,0,0,1,0,0,0,0,0,0,0,0,0,0,1,0,0,0,2,0,1,0,0,0,0,0,0,1,0,1,1,2,0,0,0,0,2,4,1,1,1,0,0,3,0,-1,1,0,1,0,0,0,2,0,0,0,0,1,1,1,9,2,1,0,1,3,3,4,4,1,2,2,2,0,1,2,2,1,9,0,2,4,0,0,1,-1,1,0,0,2,1,0,0,0,0,3,1,0,0,0,0,3,0,0,0,0,0,0,0,1,0,0,0,0,1,2,0,0,0,0,1,0,2,0,0,0,0,2,0,3,-1,1,0,3,2,0,0,0,0,0,1,1,3,1,2,0,0,1,1,3,0,2,1,3,1,0,0,1,1,2,0,1,3,1,2,2,2,3,6,0,4,-1,2,0,1,1,1,1,3,-1,2,1,0,1,2,2,1,0,5,2,2,3,0,2,0,5,2,1,2,9,0,0,4,3,2,4,3,1,2,1,3,2,1,3,0,0,2,0,1,1,1,1,0,1,1,0,0,-2,2,1,2,1,1,1,1,2,0,0,0,0,0,1,0,0,2,0,0,1,4,1,0,2,4,0,7,2,3,2,7,6,5,6,2,4,1,6,2,6,8,9,4,2,4,1,4,3,7,7,3,10,10,1,10,8,3,1,3,-1,6,3,1,1,0,2,2,2,1,6,1,2,0,0,1,1,4,1,4,2,3,16,4,5,2,3,3,1,0,3,2,3,4,0,0,3,2,0,1,3,0,2,1,0,3,2,0,8,2,4,2,2,1,2,0,0,1,2,0,9,2,0,1,1,8,0,0,8,2,3,0,6,3,0,1,5,3,1,4,1,1,3,3,4,6,4,5,9,1,8,5,1,3,0,5,1,1,3,5,5,1,1,1,2,4,0,0,3,-1,7,1,-1,20,1,2,7,9,15,16,19,27,10,13,9,5,3,3,11,8,7,1,-1,2,4,0,1,2,0,2,6,0,0,1,4,0,2,0,1,2,0,2,1,6,0,0,1,3,7,1,4,2,1,3,1,1,0,2,1,1,2,0,1,0,0,6,1,6,4,3,1,3,2,3,5,0,3,3,1,4
Australia,South Australia,0,0,0,0,0,0,0,0,0,1,1,0,0,0,0,0,0,0,0,0,0,0,0,0,0,0,0,0,0,0,0,0,0,0,0,0,0,1,0,0,0,2,0,2,0,0,0,0,2,0,7,3,1,9,0,8,5,8,17,33,34,36,0,65,22,30,12,6,32,30,0,29,11,0,4,0,4,5,8,1,0,0,4,0,0,2,0,0,0,2,1,0,0,0,0,0,0,0,0,0,0,0,0,0,0,1,0,0,0,0,0,0,0,0,0,0,0,0,0,0,0,0,0,0,1,0,0,0,0,0,0,0,0,0,0,0,0,0,0,0,0,0,0,0,0,0,0,0,0,0,0,0,0,0,0,0,0,0,3,0,0,0,0,0,0,0,0,0,0,0,0,0,0,0,1,0,0,0,0,0,0,2,1,0,0,0,0,1,0,1,2,2,2,2,0,-1,3,0,0,0,0,0,0,1,0,0,1,1,0,0,0,0,0,1,0,0,0,0,0,0,0,0,0,0,0,0,1,0,0,1,0,0,1,0,0,0,0,0,0,0,0,0,0,0,2,0,0,0,0,0,0,0,0,2,0,1,0,1,0,0,1,0,2,0,1,3,0,0,3,2,0,0,1,0,2,0,4,3,0,1,1,1,4,0,2,1,5,1,2,3,0,2,0,0,0,0,5,22,3,4,0,2,1,1,1,1,1,2,-1,3,-1,1,0,0,0,0,0,0,0,0,0,0,0,0,0,1,0,0,0,0,0,0,3,0,0,2,0,1,0,3,0,3,1,4,0,0,3,-2,1,0,3,2,0,1,0,2,0,1,2,0,0,0,1,2,0,0,0,0,0,0,0,0,0,1,-1,1,4,0,1,0,0,1,0,2,1,0,0,0,0,0,2,0,0,0,2,0,2,1,0,0,0,0,3,1,1,0,0,0,0,0,2,1,3,2,5,0,3,2,2,2,1,1,0,0,0,2,0,1,3,2,0,5,0,1,2,0,1,2,0,1,1,2,0,1,0,0,9,2,1,4,0,0,6,3,2,9,1,1,1,14,1,-1,3,2,1,2,3,3,0,2,3,0,2,0,0,1,0,0,1,0,0,4,0,1,1,0,0,1,1,2,0,0,0,2,0,0,6,0,1,1,2,3,2,0,1,1,3,1,0,1,4,1,3,1,3,0,0,0,4,-3,2,3,2,5,6,0,2,1,3,0,0,0,1,2,2,1,2,0,2,2,6,0,1,6,2,6,4,1,4,1,0,1,2,0,0,0,3,1,3,0,0,0,0,2,0,0,0,0,0,0,0,0,0,0,1,0,0,0,1,0,0,0,0,1,0,0,0,0,4,2,2,1,1,7,1,2,0,1,2,1,1,0,2,0,0,0,0,0,1,1,0,0,1,0,0,0,0,1,2,1,1,1,0,0,1,1,1,3
Australia,Tasmania,0,0,0,0,0,0,0,0,0,0,0,0,0,0,0,0,0,0,0,0,0,0,0,0,0,0,0,0,0,0,0,0,0,0,0,0,0,0,0,1,0,0,0,0,0,1,0,0,1,0,2,0,1,1,0,3,0,0,6,6,6,0,8,11,0,15,4,0,3,0,3,2,6,2,4,3,9,13,11,11,0,11,21,0,4,11,8,7,5,1,4,2,0,0,5,2,4,1,2,0,0,0,0,4,1,1,0,0,0,0,0,0,0,1,0,0,0,0,0,0,0,0,0,0,0,0,0,0,0,0,0,0,0,0,0,0,0,0,0,0,0,0,0,0,0,0,0,0,0,0,0,0,0,0,0,0,0,0,0,0,0,0,0,0,0,0,0,0,0,0,0,0,0,0,0,0,0,0,0,1,0,0,0,0,0,0,0,0,0,0,0,0,0,0,0,0,0,0,0,0,0,1,0,0,0,0,0,0,0,0,0,0,0,0,0,0,0,0,0,0,0,0,0,0,0,1,-1,0,0,0,0,0,0,0,0,0,0,0,0,0,0,0,0,0,0,0,0,0,0,0,0,0,0,0,0,0,0,0,0,0,0,0,0,0,0,0,0,0,0,0,0,0,0,0,0,0,0,0,0,0,0,0,0,0,0,0,0,0,0,0,0,0,0,0,0,0,0,0,0,0,0,0,0,0,0,0,0,0,0,0,0,0,0,0,0,0,0,0,0,0,3,1,0,0,0,0,0,0,0,0,0,0,0,0,0,0,0,0,0,0,0,0,0,0,0,0,0,0,0,0,0,0,0,0,0,0,0,0,0,0,0,0,0,0,0,0,0,0,0,0,0,0,0,0,0,0,0,0,0,0,0,0,0,0,0,0,0,0,0,0,0,0,0,0,0,0,0,0,0,0,0,0,0,0,0,0,0,0,0,0,0,0,0,0,0,0,0,0,0,0,0,0,0,0,0,0,0,0,0,0,0,0,0,0,0,0,0,0,0,0,0,0,0,0,0,0,0,0,0,0,0,0,0,0,0,0,0,0,0,0,0,0,0,0,0,0,0,0,0,0,0,0,0,0,0,0,0,0,0,0,0,0,0,0,0,0,0,0,0,0,0,0,0,0,0,0,0,0,0,0,0,0,0,0,0,0,0,0,0,0,0,0,0,0,0,0,0,0,0,0,0,0,0,0,0,0,0,0,0,0,0,0,0,0,0,0,0,0,0,0,0,0,0,0,0,0,0,0,0,0,0,0,0,0,0,0,0,0,0,1,0,0,0,0,0,0,0,0,0,0,0,0,0,0,0,0,0,0,0,0,0,0,0,0,0,0,0,0,0,0,0,0,0,0,0,0,0,0,0,0,0,0,0,0,0,0,0,0,0,0,0,0,0,0,0,0,0,0,1,0,0,0,0,0,0,0,0,0
Australia,Victoria,0,0,0,1,0,0,0,1,1,1,0,0,0,0,0,0,0,0,0,0,0,0,0,0,0,0,0,0,0,0,0,0,0,0,0,0,0,3,0,2,0,1,0,0,1,0,4,3,3,0,15,13,8,14,23,27,0,0,108,126,0,56,55,54,54,111,84,52,96,51,68,49,30,20,23,33,21,16,13,24,3,13,10,8,0,3,17,9,1,7,0,1,6,3,3,0,5,7,3,7,13,22,17,17,14,13,1,19,9,15,3,7,19,11,7,6,9,0,8,12,0,10,2,5,8,10,6,11,4,4,10,7,8,3,0,4,2,0,4,8,4,0,17,12,9,21,18,12,0,44,11,17,20,33,30,0,81,71,60,72,72,65,0,168,124,164,118,156,299,163,239,168,257,224,302,415,188,343,246,347,450,386,280,339,437,515,353,255,694,579,354,626,380,398,700,434,398,416,376,298,294,395,217,371,283,247,263,211,208,237,169,177,202,99,134,144,106,108,81,112,65,58,86,112,79,64,59,36,41,73,51,28,33,35,37,39,32,27,42,22,8,9,25,24,5,13,12,15,4,9,11,14,6,8,12,11,13,4,10,10,12,12,14,12,4,4,2,0,2,0,1,3,6,1,6,7,-1,-1,1,2,3,0,-1,-1,0,0,0,0,0,0,0,0,0,0,0,0,0,0,0,0,0,0,0,0,0,0,0,0,0,0,0,0,0,0,0,0,0,0,0,0,0,0,0,5,1,1,0,0,-1,1,2,2,1,3,1,0,0,0,1,2,0,1,3,8,12,3,4,4,3,0,1,1,6,1,0,3,0,0,3,7,4,4,1,0,1,3,-1,6,1,1,3,1,0,0,1,1,-1,3,4,0,0,0,0,2,2,5,1,3,2,4,0,1,3,0,0,0,0,0,0,2,0,0,0,0,0,0,0,1,-1,1,1,0,0,0,0,0,0,0,0,0,0,0,0,0,0,0,0,0,0,0,1,0,0,0,0,0,0,0,0,0,0,0,1,0,2,0,0,5,0,2,0,4,1,3,2,2,2,1,0,4,2,1,2,3,1,1,1,0,2,0,1,6,2,1,1,1,1,1,4,1,0,1,0,0,0,1,2,4,10,12,6,6,6,5,11,5,3,4,6,8,11,3,1,4,1,4,1,5,3,8,2,2,3,2,9,2,1,2,3,4,2,0,2,2,0,3,-2,1,2,2,0,0,1,3,0,0,3,2,10,11,19,18,14,14,24,28,14,12,12,11,10,8,7,3,2,4,2,5,0,6,6,30,13,11,20,20,18,19,21,25,22,25,24,56,57,61,66,71,51,41,76,78,63,91,70,75,116,174,209,189,183,246,241,212,323,333,450,381,463,445,403,503,497,529,488,552,588,620,745,718,836,779,673,1008,929,1429,1143,1476,1176,1377,1746,1413,1602,1838,1908,1890,1568,1466
Australia,Western Australia,0,0,0,0,0,0,0,0,0,0,0,0,0,0,0,0,0,0,0,0,0,0,0,0,0,0,0,0,0,0,0,0,0,0,0,0,0,2,0,0,0,0,1,0,0,0,1,2,3,0,5,3,0,11,3,4,17,12,26,30,20,35,0,56,0,47,33,44,9,28,8,0,36,17,7,0,21,14,11,8,0,3,10,0,5,9,3,1,0,1,0,0,2,1,0,0,1,1,0,0,0,0,0,0,0,1,0,0,0,1,0,-1,0,0,1,1,3,0,0,0,0,3,0,4,6,0,7,8,1,3,2,1,0,0,4,3,0,0,0,2,1,0,0,0,0,0,1,0,1,1,0,2,0,1,0,0,1,0,2,0,0,0,0,1,6,3,3,0,3,7,1,0,1,0,10,0,5,0,0,0,0,0,3,2,2,0,1,2,0,4,1,-25,28,0,1,0,-28,0,0,0,0,0,2,1,1,0,0,1,0,4,0,0,1,0,1,0,0,2,0,0,0,0,0,0,0,0,0,1,2,0,1,0,0,0,0,0,0,2,0,0,1,0,3,0,0,3,0,8,0,0,8,1,0,1,0,0,1,0,3,0,2,2,0,2,7,1,5,0,2,3,0,24,1,8,6,4,5,0,3,0,1,1,2,0,1,1,0,4,1,0,0,0,0,0,0,0,7,4,1,6,0,2,1,2,5,0,4,9,0,0,1,0,3,2,0,2,3,2,0,1,1,0,2,1,1,0,2,4,1,1,1,0,1,0,0,1,1,6,-1,5,0,1,0,2,2,4,1,1,3,2,0,0,1,2,1,1,2,3,2,1,0,1,0,0,2,0,4,0,1,2,1,0,4,1,0,0,1,2,1,0,0,0,0,2,1,0,0,0,0,0,0,0,0,0,1,1,1,0,0,0,0,0,0,0,1,0,0,2,0,3,1,1,1,0,1,1,1,1,1,0,2,1,0,1,0,1,2,0,0,1,3,0,4,2,0,0,3,1,2,1,0,0,0,2,1,3,7,1,1,1,6,2,3,2,2,0,0,2,2,4,4,4,0,2,5,3,0,2,3,0,0,0,0,2,0,0,0,0,0,0,0,0,1,0,0,0,0,1,0,0,0,0,0,0,2,-1,0,0,0,0,0,1,-1,0,0,0,0,0,1,1,0,0,0,0,0,0,0,0,1,0,1,1,1,1,2,1,1,0,1,2,1,0,0,0,0,3,0,0,0,0,1,0,0,1,8,2,0,0,0,0,0,2,1,6,0,0,1,0,0,0,0,1,0,0,0,0,0,0,0,0,2,0,0,1,0,1,0,0,1,0,20,0,0,2,0,0,0,0,0,0,0,0,1,0,1,0,0,1,0,0,0,0,0,3,0,1,1,0,0,0,1,0,0,1,0,0,0,0,0,3,10,1,0,0,0,0,0,0
